{"probs":[0.008500000000000002,0.014900000000000002,0.020199999999999996,0.0014999999999999994,0.0017999999999999997,0.0096,0.004900000000000002,0.0027,0.005900000000000002,0.006599999999999998,0.005000000000000002,0.010100000000000003,0.013800000000000005,0.0012999999999999995,0.020500000000000004,0.035,0.0336,0.0032000000000000015,0.0008000000000000003,0.0007000000000000001,0.002599999999999999,0.007499999999999998,0.008800000000000004,0.008300000000000004,0.025900000000000003,0.004900000000000002,0.020600000000000004,0.0041,0.007999999999999997,0.0076,0.0076,0.0078,0.0010000000000000002,0.012100000000000003,0.0007000000000000001,0.006800000000000002,0.005299999999999998,0.012100000000000003,0.006299999999999999,0.010199999999999996,0.004000000000000002,0.0005000000000000001,0.0011,0.0022000000000000006,0.004199999999999999,0.0023999999999999994,0.0017999999999999997,0.0005000000000000001,0.0126,0.0023,0.0032999999999999987,0.015200000000000002,0.004199999999999999,0.0254,0.004199999999999999,0.0014999999999999994,0.0008999999999999998,0.0016000000000000007,0.0057,0.0104,0.0018999999999999996,0.005100000000000002,0.016300000000000002,0.009399999999999999,0.008899999999999998,0.0023999999999999994,0.0028000000000000013,0.008599999999999997,0.0017000000000000001,0.011999999999999997,0.0188,0.011300000000000003,0.002099999999999999,0.010100000000000003,0.012899999999999998,0.0008000000000000003,0.004600000000000001,0.020000000000000004,0.0038999999999999994,0.00019999999999999985,0.0027,0.005900000000000002,0.0011,0.013899999999999996,0.014699999999999996,0.006599999999999998,0.011400000000000002,0.0188,0.0022000000000000006,0.0017000000000000001,0.0012999999999999995,0.0078,0.018700000000000005,0.0069000000000000025,0.017100000000000008,0.0036,0.007299999999999999,0.004900000000000002,0.00010000000000000009,0.011500000000000002,0.004900000000000002,0.011099999999999999,0.0057,0.008800000000000004,0.008200000000000002,0.010699999999999996,0.004300000000000002,0.0031000000000000003,0.012799999999999997,0.016600000000000007,0.002599999999999999,0.004600000000000001,0.0292,0.002599999999999999,0.0023,0.0011,0.014200000000000003,0.014799999999999995,0.0008999999999999998,0.0095,0.007499999999999998,0.020699999999999996,0.013099999999999995,0.0004000000000000001,0.0016000000000000007,0.0017000000000000001,0.0022000000000000006],"support":[{"query1":89,"query2":80,"query3":82.89222996111667,"query4":63.51890003468162,"query5":0.78,"query6":0.46},{"query1":89,"query2":79,"query3":82.89222996111667,"query4":63.51890003468162,"query5":0.78,"query6":0.46},{"query1":89,"query2":78,"query3":82.89222996111667,"query4":63.51890003468162,"query5":0.78,"query6":0.46},{"query1":89,"query2":77,"query3":82.89222996111667,"query4":63.51890003468162,"query5":0.78,"query6":0.46},{"query1":89,"query2":76,"query3":82.89222996111667,"query4":63.51890003468162,"query5":0.78,"query6":0.46},{"query1":89,"query2":76,"query3":82.89222996111667,"query4":63.51890003468162,"query5":0.78,"query6":0.47},{"query1":89,"query2":76,"query3":83.02469140931873,"query4":63.51890003468162,"query5":0.78,"query6":0.47},{"query1":89,"query2":75,"query3":83.02469140931873,"query4":63.51890003468162,"query5":0.78,"query6":0.47},{"query1":89,"query2":76,"query3":83.02469140931873,"query4":63.51890003468162,"query5":0.79,"query6":0.47},{"query1":90,"query2":76,"query3":83.02469140931873,"query4":63.51890003468162,"query5":0.78,"query6":0.47},{"query1":90,"query2":77,"query3":83.02469140931873,"query4":63.51890003468162,"query5":0.78,"query6":0.47},{"query1":89,"query2":77,"query3":83.02469140931873,"query4":63.51890003468162,"query5":0.78,"query6":0.47},{"query1":89,"query2":78,"query3":83.02469140931873,"query4":63.51890003468162,"query5":0.78,"query6":0.47},{"query1":89,"query2":78,"query3":83.02469140931873,"query4":63.51890003468162,"query5":0.78,"query6":0.48},{"query1":89,"query2":79,"query3":83.02469140931873,"query4":63.51890003468162,"query5":0.78,"query6":0.48},{"query1":89,"query2":79,"query3":83.02469140931873,"query4":63.51890003468162,"query5":0.77,"query6":0.48},{"query1":89,"query2":79,"query3":83.02469140931873,"query4":63.51890003468162,"query5":0.77,"query6":0.49},{"query1":89,"query2":80,"query3":83.02469140931873,"query4":63.51890003468162,"query5":0.77,"query6":0.49},{"query1":89,"query2":78,"query3":83.02469140931873,"query4":63.51890003468162,"query5":0.77,"query6":0.48},{"query1":90,"query2":79,"query3":83.02469140931873,"query4":63.51890003468162,"query5":0.77,"query6":0.48},{"query1":90,"query2":80,"query3":83.02469140931873,"query4":63.51890003468162,"query5":0.77,"query6":0.48},{"query1":90,"query2":80,"query3":83.02469140931873,"query4":63.51890003468162,"query5":0.77,"query6":0.47},{"query1":90,"query2":80,"query3":83.02469140931873,"query4":63.51890003468162,"query5":0.78,"query6":0.48},{"query1":90,"query2":80,"query3":83.02469140931873,"query4":63.51890003468162,"query5":0.79,"query6":0.48},{"query1":90,"query2":80,"query3":83.02469140931873,"query4":63.51890003468162,"query5":0.8,"query6":0.48},{"query1":90,"query2":80,"query3":83.02469140931873,"query4":63.51890003468162,"query5":0.8,"query6":0.49},{"query1":90,"query2":79,"query3":83.02469140931873,"query4":63.51890003468162,"query5":0.8,"query6":0.49},{"query1":89,"query2":79,"query3":83.02469140931873,"query4":63.51890003468162,"query5":0.8,"query6":0.49},{"query1":88,"query2":79,"query3":83.02469140931873,"query4":63.51890003468162,"query5":0.8,"query6":0.49},{"query1":88,"query2":78,"query3":83.02469140931873,"query4":63.51890003468162,"query5":0.8,"query6":0.49},{"query1":88,"query2":78,"query3":83.02469140931873,"query4":63.51890003468162,"query5":0.8,"query6":0.48},{"query1":88,"query2":77,"query3":83.02469140931873,"query4":63.51890003468162,"query5":0.8,"query6":0.48},{"query1":88,"query2":77,"query3":83.02469140931873,"query4":63.51890003468162,"query5":0.8,"query6":0.47},{"query1":88,"query2":76,"query3":83.02469140931873,"query4":63.51890003468162,"query5":0.8,"query6":0.47},{"query1":87,"query2":76,"query3":83.02469140931873,"query4":63.51890003468162,"query5":0.8,"query6":0.47},{"query1":87,"query2":75,"query3":83.02469140931873,"query4":63.51890003468162,"query5":0.8,"query6":0.47},{"query1":88,"query2":75,"query3":83.02469140931873,"query4":63.51890003468162,"query5":0.8,"query6":0.47},{"query1":87,"query2":75,"query3":83.02469140931873,"query4":63.51890003468162,"query5":0.8,"query6":0.46},{"query1":87,"query2":76,"query3":83.02469140931873,"query4":63.51890003468162,"query5":0.8,"query6":0.46},{"query1":87,"query2":75,"query3":73.70215852502405,"query4":63.51890003468162,"query5":0.8,"query6":0.46},{"query1":87,"query2":75,"query3":73.70215852502405,"query4":63.51890003468162,"query5":0.8,"query6":0.47},{"query1":87,"query2":76,"query3":73.70215852502405,"query4":63.51890003468162,"query5":0.8,"query6":0.47},{"query1":87,"query2":76,"query3":73.70215852502405,"query4":63.51890003468162,"query5":0.8,"query6":0.48},{"query1":87,"query2":76,"query3":73.70215852502405,"query4":63.51890003468162,"query5":0.81,"query6":0.48},{"query1":87,"query2":75,"query3":73.70215852502405,"query4":63.51890003468162,"query5":0.81,"query6":0.48},{"query1":87,"query2":75,"query3":73.70215852502405,"query4":63.51890003468162,"query5":0.81,"query6":0.47},{"query1":87,"query2":76,"query3":73.70215852502405,"query4":63.51890003468162,"query5":0.81,"query6":0.47},{"query1":87,"query2":76,"query3":73.70215852502405,"query4":63.51890003468162,"query5":0.81,"query6":0.46},{"query1":87,"query2":76,"query3":73.70215852502405,"query4":63.51890003468162,"query5":0.8,"query6":0.46},{"query1":86,"query2":76,"query3":73.70215852502405,"query4":63.51890003468162,"query5":0.8,"query6":0.46},{"query1":88,"query2":76,"query3":73.70215852502405,"query4":63.51890003468162,"query5":0.8,"query6":0.46},{"query1":88,"query2":76,"query3":73.70215852502405,"query4":63.51890003468162,"query5":0.8,"query6":0.47},{"query1":89,"query2":76,