{"probs":[0.0038999999999999994,0.0041,0.0104,0.004300000000000002,0.0235,0.006299999999999999,0.023099999999999996,0.007499999999999998,0.017300000000000006,0.007299999999999999,0.004000000000000002,0.012899999999999998,0.0196,0.0014999999999999994,0.00010000000000000009,0.004900000000000002,0.0037999999999999996,0.008599999999999997,0.05099999999999999,0.008500000000000002,0.005599999999999997,0.0038999999999999994,0.023799999999999998,0.0195,0.011300000000000003,0.0017999999999999997,0.006200000000000001,0.017000000000000005,0.0014000000000000002,0.0014000000000000002,0.008800000000000004,0.002899999999999999,0.006399999999999998,0.0012999999999999995,0.026099999999999998,0.0003000000000000001,0.011999999999999997,0.0041,0.005500000000000001,0.0023999999999999994,0.0022000000000000006,0.005799999999999999,0.013700000000000002,0.015999999999999997,0.013600000000000004,0.0003000000000000001,0.004699999999999999,0.0003000000000000001,0.016199999999999992,0.008800000000000004,0.0079,0.0078,0.019899999999999998,0.009200000000000002,0.005400000000000001,0.008300000000000004,0.006100000000000001,0.0014000000000000002,0.0005999999999999997,0.007999999999999997,0.009099999999999997,0.0028000000000000013,0.0078,0.004699999999999999,0.0018999999999999996,0.007499999999999998,0.005500000000000001,0.0010000000000000002,0.028999999999999998,0.0038999999999999994,0.0226,0.009399999999999999,0.004600000000000001,0.0076,0.0017000000000000001,0.013999999999999995,0.011900000000000003,0.005000000000000002,0.018700000000000005,0.004199999999999999,0.0031000000000000003,0.012100000000000003,0.0005999999999999997,0.0037999999999999996,0.0087,0.016700000000000007,0.011199999999999995,0.006800000000000002,0.015699999999999995,0.0011999999999999995,0.010899999999999996,0.003500000000000001,0.0213,0.0037000000000000015,0.0036,0.0242,0.016900000000000002,0.036899999999999995,0.0037999999999999996,0.00010000000000000009,0.004600000000000001,0.006499999999999998,0.006599999999999998,0.00019999999999999985,0.008800000000000004,0.005000000000000002,0.0017000000000000001,0.0079,0.005199999999999999,0.0017999999999999997,0.0005999999999999997,0.002599999999999999,0.004400000000000001,0.0076,0.0041,0.014200000000000003],"support":[{"query1":58,"query2":92.52145612491654,"query3":0.04,"query4":0.96},{"query1":57,"query2":92.52145612491654,"query3":0.04,"query4":0.96},{"query1":57,"query2":92.52145612491654,"query3":0.05,"query4":0.96},{"query1":56,"query2":92.52145612491654,"query3":0.04,"query4":0.96},{"query1":56,"query2":92.52145612491654,"query3":0.03,"query4":0.96},{"query1":56,"query2":92.52145612491654,"query3":0.03,"query4":0.95},{"query1":56,"query2":92.52145612491654,"query3":0.03,"query4":0.94},{"query1":56,"query2":92.52145612491654,"query3":0.04,"query4":0.94},{"query1":56,"query2":92.52145612491654,"query3":0.05,"query4":0.94},{"query1":56,"query2":93.13715470791301,"query3":0.05,"query4":0.94},{"query1":56,"query2":93.13715470791301,"query3":0.05,"query4":0.95},{"query1":55,"query2":93.13715470791301,"query3":0.05,"query4":0.94},{"query1":54,"query2":93.13715470791301,"query3":0.05,"query4":0.94},{"query1":55,"query2":93.13715470791301,"query3":0.06,"query4":0.94},{"query1":55,"query2":93.13715470791301,"query3":0.04,"query4":0.95},{"query1":55,"query2":93.13715470791301,"query3":0.05,"query4":0.95},{"query1":55,"query2":93.13715470791301,"query3":0.05,"query4":0.96},{"query1":56,"query2":93.13715470791301,"query3":0.05,"query4":0.96},{"query1":57,"query2":93.13715470791301,"query3":0.05,"query4":0.96},{"query1":57,"query2":93.13715470791301,"query3":0.05,"query4":0.95},{"query1":57,"query2":93.13715470791301,"query3":0.05,"query4":0.94},{"query1":57,"query2":93.13715470791301,"query3":0.05,"query4":0.93},{"query1":57,"query2":89.4549974177456,"query3":0.05,"query4":0.93},{"query1":57,"query2":89.4549974177456,"query3":0.05,"query4":0.94},{"query1":56,"query2":89.4549974177456,"query3":0.05,"query4":0.94},{"query1":55,"query2":89.4549974177456,"query3":0.05,"query4":0.94},{"query1":56,"query2":89.4549974177456,"query3":0.05,"query4":0.95},{"query1":27,"query2":89.4549974177456,"query3":0.06,"query4":0.95},{"query1":26,"query2":89.4549974177456,"query3":0.06,"query4":0.95},{"query1":28,"query2":89.4549974177456,"query3":0.06,"query4":0.95},{"query1":27,"query2":89.4549974177456,"query3":0.05,"query4":0.95},{"query1":28,"query2":89.4549974177456,"query3":0.05,"query4":0.95},{"query1":28,"query2":89.4549974177456,"query3":0.05,"query4":0.96},{"query1":28,"query2":89.4549974177456,"query3":0.05,"query4":0.97},{"query1":29,"query2":89.4549974177456,"query3":0.05,"query4":0.97},{"query1":29,"query2":89.4549974177456,"query3":0.06,"query4":0.97},{"query1":28,"query2":89.4549974177456,"query3":0.06,"query4":0.97},{"query1":28,"query2":89.4549974177456,"query3":0.06,"query4":0.96},{"query1":29,"query2":89.4549974177456,"query3":0.06,"query4":0.96},{"query1":30,"query2":89.4549974177456,"query3":0.06,"query4":0.96},{"query1":31,"query2":89.4549974177456,"query3":0.06,"query4":0.96},{"query1":32,"query2":89.4549974177456,"query3":0.06,"query4":0.96},{"query1":32,"query2":89.4549974177456,"query3":0.07,"query4":0.96},{"query1":33,"query2":89.4549974177456,"query3":0.07,"query4":0.96},{"query1":33,"query2":89.4549974177456,"query3":0.07,"query4":0.95},{"query1":33,"query2":89.4549974177456,"query3":0.08,"query4":0.96},{"query1":34,"query2":89.4549974177456,"query3":0.07,"query4":0.96},{"query1":34,"query2":89.4549974177456,"query3":0.07,"query4":0.95},{"query1":52,"query2":89.4549974177456,"query3":0.05,"query4":0.95},{"query1":52,"query2":89.4549974177456,"query3":0.05,"query4":0.96},{"query1":52,"query2":89.4549974177456,"query3":0.05,"query4":0.97},{"query1":53,"query2":89.4549974177456,"query3":0.05,"query4":0.97},{"query1":53,"query2":89.4549974177456,"query3":0.05,"query4":0.96},{"query1":53,"query2":89.4549974177456,"query3":0.06,"query4":0.96},{"query1":53,"query2":89.4549974177456,"query3":0.05,"query4":0.95},{"query1":53,"query2":89.4549974177456,"query3":0.04,"query4":0.95},{"query1":53,"query2":89.4549974177456,"query3":0.03,"query4":0.95},{"query1":53,"query2":89.4549974177456,"query3":0.04,"query4":0.96},{"query1":53,"query2":89.4549974177456,"query3":0.07,"query4":0.96},{"query1":54,"query2":89.4549974177456,"query3":0.07,"query4":0.96},{"query1":54,"query2":89.4549974177456,"query3":0.07,"query4":0.95},{"query1":54,"query2":89.4549974177456,"query3":0.09,"query4":0.94},{"query1":54,"query2":89.1744622590373,"query3":0.09,"query4":0.94},{"query1":54,"query2":89.1744622590373,"query3":0.08,"query4":0.94},{"query1":55,"query2":89.1744622590373,"query3":0.08,"query4":0.94},{"query1":55,"query2":89.1744622590373,"query3":0.08,"query4":0.93},{"query1":55,"query2":89.1744622590373,"query3":0.07,"query4":0.93},{"query1":55,"query2":89.1744622590373,"query3":0.06,"query4":0.93},{"query1":54,"query2":89.1744622590373,"query3":0.08,"query4":0.93},{"query1":54,"query2":89.1744622590373,"query3":0.07,"query4":0.93},{"query1":54,"query2":89.1744622590373,"query3":0.07,"query4":0.94},{"query1":54,"query2":89.1744622590373,"query3":0.07,"query4":0.95},{"query1":55,"query2":89.1744622590373,"query3":0.07,"query4":0.94},{"query1":55,"query2":89.1744622590373,"query3":0.05,"query4":0.93},{"query1":56,"query2":89.1744622590373,"query3":0.05,"query4":0.93},{"query1":56,"query2":89.1744622590373,"query3":0.04,"query4":0.93},{"query1":56,"query2":89.1744622590373,"query3":0.04,"query4":0.92},{"query1":56,"query2":89.1744622590373,"query3":0.05,"query4":0.92},{"query1":56,"query2":89.1744622590373,"query3":0.05,"query4":0.94},{"query1":55,"query2":89.1744622590373,"query3":0.05,"query4":0.94},{"query1":56,"query2":89.1744622590373,"query3":0.04,"query4":0.94},{"query1":56,"query2":89.1744622590373,"query3":0.03,"query4":0.94},{"query1":56,"query2":89.1744622590373,"query3":0.03,"query4":0.95},{"query1":55,"query2":89.1744622590373,"query3":0.03,"query4":0.95},{"query1":55,