{"probs":[0.026600000000000002,0.008100000000000003,0.011800000000000005,0.0038999999999999994,0.002099999999999999,0.011900000000000003,0.005999999999999998,0.0007000000000000001,0.0159,0.0022000000000000006,0.0232,0.008500000000000002,0.014599999999999998,0.0005999999999999997,0.0087,0.017300000000000006,0.005199999999999999,0.0008000000000000003,0.009200000000000002,0.0097,0.003500000000000001,0.0003000000000000001,0.0037000000000000015,0.0071,0.007299999999999999,0.014100000000000003,0.0016000000000000007,0.0005000000000000001,0.0034000000000000007,0.012999999999999998,0.009799999999999996,0.018100000000000005,0.0203,0.008100000000000003,0.012500000000000004,0.006599999999999998,0.012400000000000003,0.028800000000000006,0.0008000000000000003,0.0034000000000000007,0.0020000000000000005,0.0079,0.00010000000000000009,0.0045,0.013500000000000003,0.0126,0.0023,0.005100000000000002,0.002099999999999999,0.009899999999999999,0.021599999999999998,0.005599999999999997,0.006699999999999998,0.008800000000000004,0.005000000000000002,0.020699999999999996,0.0041,0.011199999999999995,0.0017000000000000001,0.010899999999999996,0.0031000000000000003,0.004000000000000002,0.010899999999999996,0.002899999999999999,0.0127,0.014299999999999995,0.013999999999999995,0.0007000000000000001,0.0023,0.02889999999999999,0.0003000000000000001,0.0097,0.0016000000000000007,0.025500000000000002,0.005400000000000001,0.0025000000000000005,0.010499999999999997,0.010000000000000005,0.005199999999999999,0.004799999999999999,0.0032999999999999987,0.0017999999999999997,0.007999999999999997,0.00010000000000000009,0.0045,0.006299999999999999,0.005900000000000002,0.0196,0.0012999999999999995,0.0010000000000000002,0.006299999999999999,0.005500000000000001,0.0057,0.008300000000000004,0.028300000000000002,0.010100000000000003,0.0087,0.006399999999999998,0.005000000000000002,0.0038999999999999994,0.009799999999999996,0.006399999999999998,0.0020000000000000005,0.010499999999999997,0.0028000000000000013,0.007700000000000002,0.034899999999999994,0.03810000000000001,0.014400000000000001,0.002999999999999999,0.020600000000000004,0.021900000000000003],"support":[{"query1":25,"query2":80,"query3":79.37692525901525,"query4":63.71110935819372,"query5":0.7,"query6":0.98},{"query1":25,"query2":79,"query3":79.37692525901525,"query4":63.71110935819372,"query5":0.7,"query6":0.98},{"query1":26,"query2":79,"query3":79.37692525901525,"query4":63.71110935819372,"query5":0.7,"query6":0.98},{"query1":26,"query2":78,"query3":79.37692525901525,"query4":63.71110935819372,"query5":0.7,"query6":0.98},{"query1":26,"query2":77,"query3":79.37692525901525,"query4":63.71110935819372,"query5":0.7,"query6":0.98},{"query1":27,"query2":79,"query3":79.37692525901525,"query4":63.71110935819372,"query5":0.7,"query6":0.98},{"query1":25,"query2":79,"query3":79.37692525901525,"query4":63.71110935819372,"query5":0.69,"query6":0.98},{"query1":26,"query2":79,"query3":79.37692525901525,"query4":63.71110935819372,"query5":0.69,"query6":0.98},{"query1":26,"query2":78,"query3":79.37692525901525,"query4":63.71110935819372,"query5":0.69,"query6":0.98},{"query1":27,"query2":78,"query3":79.37692525901525,"query4":63.71110935819372,"query5":0.69,"query6":0.98},{"query1":25,"query2":78,"query3":79.37692525901525,"query4":63.71110935819372,"query5":0.69,"query6":0.98},{"query1":25,"query2":77,"query3":79.37692525901525,"query4":63.71110935819372,"query5":0.69,"query6":0.98},{"query1":25,"query2":78,"query3":79.37692525901525,"query4":63.71110935819372,"query5":0.69,"query6":0.97},{"query1":26,"query2":78,"query3":79.37692525901525,"query4":63.71110935819372,"query5":0.69,"query6":0.97},{"query1":25,"query2":77,"query3":79.37692525901525,"query4":63.71110935819372,"query5":0.69,"query6":0.97},{"query1":25,"query2":78,"query3":79.37692525901525,"query4":63.71110935819372,"query5":0.68,"query6":0.97},{"query1":24,"query2":78,"query3":79.37692525901525,"query4":63.71110935819372,"query5":0.68,"query6":0.97},{"query1":25,"query2":79,"query3":79.37692525901525,"query4":63.71110935819372,"query5":0.68,"query6":0.97},{"query1":26,"query2":79,"query3":79.37692525901525,"query4":63.71110935819372,"query5":0.68,"query6":0.97},{"query1":27,"query2":79,"query3":79.37692525901525,"query4":63.71110935819372,"query5":0.68,"query6":0.97},{"query1":27,"query2":79,"query3":79.37692525901525,"query4":63.71110935819372,"query5":0.69,"query6":0.97},{"query1":28,"query2":79,"query3":79.37692525901525,"query4":63.71110935819372,"query5":0.68,"query6":0.97},{"query1":28,"query2":79,"query3":79.37692525901525,"query4":63.71110935819372,"query5":0.69,"query6":0.97},{"query1":28,"query2":79,"query3":79.37692525901525,"query4":63.71110935819372,"query5":0.69,"query6":0.98},{"query1":28,"query2":79,"query3":79.37692525901525,"query4":68.60511604717571,"query5":0.69,"query6":0.98},{"query1":28,"query2":78,"query3":79.37692525901525,"query4":68.60511604717571,"query5":0.69,"query6":0.98},{"query1":28,"query2":79,"query3":79.37692525901525,"query4":68.60511604717571,"query5":0.68,"query6":0.98},{"query1":27,"query2":79,"query3":79.37692525901525,"query4":68.60511604717571,"query5":0.68,"query6":0.98},{"query1":27,"query2":79,"query3":79.37692525901525,"query4":68.60511604717571,"query5":0.67,"query6":0.98},{"query1":27,"query2":78,"query3":79.37692525901525,"query4":68.60511604717571,"query5":0.68,"query6":0.98},{"query1":26,"query2":78,"query3":79.37692525901525,"query4":68.60511604717571,"query5":0.68,"query6":0.98},{"query1":26,"query2":78,"query3":79.37692525901525,"query4":68.60511604717571,"query5":0.67,"query6":0.98},{"query1":26,"query2":79,"query3":79.37692525901525,"query4":68.60511604717571,"query5":0.67,"query6":0.98},{"query1":25,"query2":78,"query3":79.37692525901525,"query4":68.60511604717571,"query5":0.67,"query6":0.98},{"query1":25,"query2":78,"query3":79.37692525901525,"query4":68.60511604717571,"query5":0.66,"query6":0.98},{"query1":25,"query2":79,"query3":79.37692525901525,"query4":68.60511604717571,"query5":0.66,"query6":0.98},{"query1":24,"query2":79,"query3":79.37692525901525,"query4":68.60511604717571,"query5":0.66,"query6":0.98},{"query1":24,"query2":79,"query3":79.37692525901525,"query4":68.60511604717571,"query5":0.66,"query6":0.97},{"query1":24,"query2":80,"query3":79.37692525901525,"query4":68.60511604717571,"query5":0.66,"query6":0.97},{"query1":24,"query2":80,"query3":79.37692525901525,"query4":68.60511604717571,"query5":0.66,"query6":0.98},{"query1":24,"query2":80,"query3":79.37692525901525,"query4":68.60511604717571,"query5":0.67,"query6":0.98},{"query1":23,"query2":80,"query3":79.37692525901525,"query4":68.60511604717571,"query5":0.67,"query6":0.98},{"query1":23,"query2":80,"query3":79.37692525901525,"query4":68.60511604717571,"query5":0.67,"query6":0.99},{"query1":24,"query2":80,"query3":79.37692525901525,"query4":68.60511604717571,"query5":0.67,"query6":0.99},{"query1":25,"query2":80,"query3":79.37692525901525,"query4":68.60511604717571,"query5":0.67,"query6":0.99},{"query1":25,"query2":80,"query3":79.37692525901525,"query4":68.60511604717571,"query5":0.68,"query6":0.99},{"query1":25,"query2":80,"query3":79.37692525901525,"query4":68.60511604717571,"query5":0.67,"query6":0.98},{"query1":26,"query2":80,"query3":79.37692525901525,"query4":68.60511604717571,"query5":0.67,"query6":0.98},{"query1":27,"query2":80,"query3":79.37692525901525,"query4":68.60511604717571,"query5":0.67,"query6":0.98},{"query1":27,"query2":78,"query3":79.37692525901525,"query4":68.60511604717571,"query5":0.67,"query6":0.98},{"query1":27,"query2":77,"query3":79.37692525901525,"query4":68.60511604717571,"query5":0.68,"query6":0.98},{"query1":28,"query2":77,"query3":79.37692525901525,"query4":68.60511604717571,"query5":0.68,"query6":0.98},{"query1":29,"query2":77,"query3":79.37692525901525,"query4":68.60511604717571,"query5":0.68,"query6":0.98},{"query1":29,"query2":77,"query3":79.37692525901525,"query4":68.60511604717571,"query5":0.67,"query6":0.98},{"query1":29,