{"probs":[0.003500000000000001,0.0025000000000000005,0.0028000000000000013,0.005900000000000002,0.0032999999999999987,0.017400000000000002,0.0014000000000000002,0.015299999999999998,0.007000000000000003,0.0010000000000000002,0.0079,0.0017000000000000001,0.009299999999999996,0.007999999999999997,0.0007000000000000001,0.0038999999999999994,0.005199999999999999,0.005100000000000002,0.0008999999999999998,0.004300000000000002,0.0004000000000000001,0.011300000000000003,0.00010000000000000009,0.0087,0.008100000000000003,0.014599999999999998,0.0208,0.007700000000000002,0.0028000000000000013,0.006200000000000001,0.0023,0.0017999999999999997,0.009099999999999997,0.008599999999999997,0.008599999999999997,0.008599999999999997,0.002899999999999999,0.00019999999999999985,0.0027,0.005500000000000001,0.013800000000000005,0.0127,0.0007000000000000001,0.0158,0.0104,0.0014000000000000002,0.006499999999999998,0.005599999999999997,0.009,0.0016000000000000007,0.07089999999999999,0.04590000000000001,0.0097,0.019899999999999998,0.005299999999999998,0.009399999999999999,0.025599999999999998,0.005799999999999999,0.020500000000000004,0.0159,0.013500000000000003,0.0071,0.013800000000000005,0.017199999999999997,0.014999999999999996,0.0318,0.017699999999999994,0.007999999999999997,0.027399999999999994,0.0012999999999999995,0.004699999999999999,0.006499999999999998,0.018100000000000005,0.0023,0.0014000000000000002,0.0034000000000000007,0.013099999999999995,0.012799999999999997,0.0018999999999999996,0.0032999999999999987,0.0010000000000000002,0.009799999999999996,0.002899999999999999,0.006800000000000002,0.004799999999999999,0.00010000000000000009,0.0007000000000000001,0.0018999999999999996,0.010199999999999996,0.006399999999999998,0.005799999999999999,0.021700000000000004,0.0016000000000000007,0.006100000000000001,0.022899999999999997,0.005299999999999998,0.0038999999999999994,0.014499999999999997,0.0017999999999999997,0.0116,0.0038999999999999994,0.0071,0.0008999999999999998,0.010699999999999996,0.017000000000000005,0.005000000000000002,0.005999999999999998,0.002899999999999999,0.004900000000000002,0.022799999999999997,0.0004000000000000001,0.004000000000000002,0.0017999999999999997,0.002599999999999999,0.0037000000000000015,0.00010000000000000009,0.0016000000000000007],"support":[{"query1":74,"query2":69.09249818185657,"query3":0.07,"query4":0.66},{"query1":74,"query2":69.09249818185657,"query3":0.08,"query4":0.66},{"query1":74,"query2":69.09249818185657,"query3":0.08,"query4":0.65},{"query1":74,"query2":69.09249818185657,"query3":0.07,"query4":0.65},{"query1":74,"query2":69.09249818185657,"query3":0.06,"query4":0.65},{"query1":75,"query2":69.09249818185657,"query3":0.06,"query4":0.65},{"query1":75,"query2":69.09249818185657,"query3":0.07,"query4":0.65},{"query1":75,"query2":69.09249818185657,"query3":0.08,"query4":0.65},{"query1":75,"query2":69.09249818185657,"query3":0.08,"query4":0.64},{"query1":75,"query2":69.09249818185657,"query3":0.07,"query4":0.64},{"query1":75,"query2":69.09249818185657,"query3":0.06,"query4":0.64},{"query1":75,"query2":69.09249818185657,"query3":0.05,"query4":0.64},{"query1":75,"query2":69.09249818185657,"query3":0.05,"query4":0.65},{"query1":76,"query2":69.09249818185657,"query3":0.06,"query4":0.65},{"query1":76,"query2":69.09249818185657,"query3":0.06,"query4":0.66},{"query1":76,"query2":69.09249818185657,"query3":0.06,"query4":0.67},{"query1":77,"query2":69.09249818185657,"query3":0.06,"query4":0.67},{"query1":77,"query2":69.09249818185657,"query3":0.06,"query4":0.68},{"query1":77,"query2":69.09249818185657,"query3":0.06,"query4":0.69},{"query1":77,"query2":69.09249818185657,"query3":0.06,"query4":0.7},{"query1":78,"query2":69.09249818185657,"query3":0.06,"query4":0.7},{"query1":78,"query2":69.09249818185657,"query3":0.06,"query4":0.69},{"query1":78,"query2":69.09249818185657,"query3":0.05,"query4":0.69},{"query1":77,"query2":69.09249818185657,"query3":0.05,"query4":0.69},{"query1":76,"query2":69.09249818185657,"query3":0.05,"query4":0.69},{"query1":76,"query2":69.09249818185657,"query3":0.05,"query4":0.7},{"query1":77,"query2":69.09249818185657,"query3":0.05,"query4":0.7},{"query1":77,"query2":69.09249818185657,"query3":0.04,"query4":0.78},{"query1":76,"query2":69.09249818185657,"query3":0.04,"query4":0.78},{"query1":76,"query2":69.09249818185657,"query3":0.04,"query4":0.77},{"query1":76,"query2":69.09249818185657,"query3":0.03,"query4":0.77},{"query1":76,"query2":69.09249818185657,"query3":0.03,"query4":0.76},{"query1":76,"query2":69.09249818185657,"query3":0.02,"query4":0.76},{"query1":76,"query2":69.09249818185657,"query3":0.02,"query4":0.75},{"query1":76,"query2":69.09249818185657,"query3":0.02,"query4":0.74},{"query1":75,"query2":69.09249818185657,"query3":0.02,"query4":0.76},{"query1":75,"query2":69.09249818185657,"query3":0.02,"query4":0.75},{"query1":76,"query2":69.09249818185657,"query3":0.03,"query4":0.75},{"query1":76,"query2":69.09249818185657,"query3":0.03,"query4":0.74},{"query1":75,"query2":69.09249818185657,"query3":0.03,"query4":0.74},{"query1":75,"query2":69.09249818185657,"query3":0.03,"query4":0.73},{"query1":75,"query2":69.09249818185657,"query3":0.03,"query4":0.72},{"query1":75,"query2":69.09249818185657,"query3":0.03,"query4":0.75},{"query1":75,"query2":69.09249818185657,"query3":0.04,"query4":0.75},{"query1":75,"query2":69.09249818185657,"query3":0.04,"query4":0.76},{"query1":75,"query2":69.09249818185657,"query3":0.05,"query4":0.75},{"query1":75,"query2":69.09249818185657,"query3":0.05,"query4":0.74},{"query1":75,"query2":69.09249818185657,"query3":0.04,"query4":0.74},{"query1":75,"query2":69.09249818185657,"query3":0.04,"query4":0.73},{"query1":75,"query2":69.09249818185657,"query3":0.04,"query4":0.72},{"query1":74,"query2":69.09249818185657,"query3":0.03,"query4":0.72},{"query1":74,"query2":69.09249818185657,"query3":0.03,"query4":0.73},{"query1":74,"query2":69.09249818185657,"query3":0.03,"query4":0.74},{"query1":74,"query2":69.09249818185657,"query3":0.04,"query4":0.74},{"query1":74,"query2":69.09249818185657,"query3":0.04,"query4":0.73},{"query1":74,"query2":69.09249818185657,"query3":0.04,"query4":0.75},{"query1":74,"query2":69.09249818185657,"query3":0.03,"query4":0.71},{"query1":74,"query2":69.09249818185657,"query3":0.03,"query4":0.7},{"query1":73,"query2":69.09249818185657,"query3":0.03,"query4":0.7},{"query1":73,"query2":69.09249818185657,"query3":0.03,"query4":0.69},{"query1":73,"query2":69.09249818185657,"query3":0.03,"query4":0.71},{"query1":73,"query2":69.09249818185657,"query3":0.03,"query4":0.68},{"query1":96,"query2":69.09249818185657,"query3":0.03,"query4":0.68},{"query1":96,"query2":69.09249818185657,"query3":0.03,"query4":0.67},{"query1":96,"query2":69.09249818185657,"query3":0.04,"query4":0.68},{"query1":96,"query2":69.09249818185657,"query3":0.04,"query4":0.69},{"query1":96,"query2":69.09249818185657,"query3":0.03,"query4":0.69},{"query1":96,"query2":69.09249818185657,"query3":0.03,"query4":0.66},{"query1":96,"query2":69.09249818185657,"query3":0.04,"query4":0.66},{"query1":96,"query2":69.09249818185657,"query3":0.04,"query4":0.65},{"query1":96,"query2":69.09249818185657,"query3":0.04,"query4":0.67},{"query1":96,"query2":69.09249818185657,"query3":0.04,"query4":0.7},{"query1":95,"query2":69.09249818185657,"query3":0.04,"query4":0.7},{"query1":95,"query2":69.09249818185657,"query3":0.03,"query4":0.7},{"query1":94,"query2":69.09249818185657,"query3":0.03,"query4":0.7},{"query1":94,"query2":69.09249818185657,"query3":0.04,"query4":0.7},{"query1":93,"query2":69.09249818185657,"query3":0.04,"query4":0.7},{"query1":94,"query2":69.09249818185657,"query3":0.04,"query4":0.72},{"query1":94,"query2":69.09249818185657,"query3":0.04,"query4":0.73},{"query1":93,"query2":69.09249818185657,"query3":0.04,"query4":0.73},{"query1":93,"query2":69.09249818185657,"query3":0.04,"query4":0.72},{"query1":94,"query2":69.09249818185657,"query3":0.04,"query4":0.71},{"query1":94,"query2":69.09249818185657,"query3":0.05,