{"probs":[0.023666666666666666,0.03133333333333333,0.005333333333333335,0.002999999999999999,0.018333333333333337,0.011666666666666669,0.037000000000000005,0.023999999999999997,0.0006666666666666666,0.004000000000000002,0.0003333333333333336,0.02433333333333333,0.048,0.018000000000000002,0.049,0.009,0.0010000000000000002,0.012999999999999998,0.005666666666666667,0.0020000000000000005,0.0003333333333333336,0.007999999999999997,0.010666666666666672,0.003666666666666667,0.002999999999999999,0.004333333333333335,0.005999999999999998,0.004000000000000002,0.0063333333333333314,0.0010000000000000002,0.005999999999999998,0.013999999999999995,0.009,0.002999999999999999,0.021000000000000005,0.0013333333333333335,0.008666666666666663,0.0023333333333333335,0.017333333333333326,0.0006666666666666666,0.0013333333333333335,0.0006666666666666666,0.0003333333333333336,0.0023333333333333335,0.0013333333333333335,0.0023333333333333335,0.0013333333333333335,0.005333333333333335,0.007666666666666666,0.003666666666666667,0.004666666666666667,0.010000000000000005,0.004666666666666667,0.01666666666666667,0.011000000000000005,0.012333333333333337,0.012666666666666665,0.012666666666666665,0.02966666666666667,0.007333333333333334,0.004666666666666667,0.01466666666666667,0.004000000000000002,0.003333333333333334,0.005000000000000002,0.006666666666666668,0.011333333333333334,0.0003333333333333336,0.014333333333333339,0.002999999999999999,0.0006666666666666666,0.0016666666666666668,0.011666666666666669,0.021666666666666667,0.0010000000000000002,0.004666666666666667,0.0003333333333333336,0.003333333333333334,0.004333333333333335,0.004000000000000002,0.009333333333333336,0.0020000000000000005,0.03333333333333333,0.009,0.03833333333333334,0.010666666666666672,0.005666666666666667,0.002666666666666667,0.0010000000000000002,0.011333333333333334,0.0063333333333333314,0.004000000000000002,0.0010000000000000002,0.005333333333333335,0.010000000000000005,0.007000000000000003,0.007000000000000003,0.002666666666666667,0.0016666666666666668,0.013333333333333338,0.020666666666666667,0.014333333333333339,0.002999999999999999,0.009333333333333336,0.01633333333333334,0.005333333333333335,0.0006666666666666666,0.005000000000000002,0.0006666666666666666,0.0003333333333333336,0.005666666666666667,0.0006666666666666666,0.002999999999999999,0.004666666666666667],"support":[{"query1":88,"query2":81.76172278757956,"query3":0.0033333333333333335,"query4":0.15},{"query1":88,"query2":81.76172278757956,"query3":0.0033333333333333335,"query4":0.15333333333333332},{"query1":88,"query2":81.76172278757956,"query3":0.0033333333333333335,"query4":0.15666666666666668},{"query1":87,"query2":81.76172278757956,"query3":0.0033333333333333335,"query4":0.15333333333333332},{"query1":87,"query2":81.76172278757956,"query3":0.0033333333333333335,"query4":0.15666666666666668},{"query1":88,"query2":81.76172278757956,"query3":0.0033333333333333335,"query4":0.14666666666666667},{"query1":88,"query2":81.76172278757956,"query3":0.0033333333333333335,"query4":0.14333333333333334},{"query1":87,"query2":81.76172278757956,"query3":0.0033333333333333335,"query4":0.14333333333333334},{"query1":88,"query2":81.76172278757956,"query3":0.0033333333333333335,"query4":0.14},{"query1":88,"query2":81.76172278757956,"query3":0.0033333333333333335,"query4":0.13666666666666666},{"query1":88,"query2":81.76172278757956,"query3":0.0033333333333333335,"query4":0.13333333333333333},{"query1":87,"query2":81.76172278757956,"query3":0.0033333333333333335,"query4":0.13333333333333333},{"query1":87,"query2":81.76172278757956,"query3":0.0033333333333333335,"query4":0.13},{"query1":87,"query2":81.76172278757956,"query3":0.0033333333333333335,"query4":0.13666666666666666},{"query1":87,"query2":81.76172278757956,"query3":0.0033333333333333335,"query4":0.12666666666666668},{"query1":87,"query2":81.76172278757956,"query3":0.0033333333333333335,"query4":0.12333333333333334},{"query1":87,"query2":81.76172278757956,"query3":0.0033333333333333335,"query4":0.12},{"query1":86,"query2":81.76172278757956,"query3":0.0033333333333333335,"query4":0.13},{"query1":86,"query2":81.76172278757956,"query3":0.0033333333333333335,"query4":0.13333333333333333},{"query1":86,"query2":81.76172278757956,"query3":0.0033333333333333335,"query4":0.13666666666666666},{"query1":86,"query2":81.76172278757956,"query3":0.02,"query4":0.37},{"query1":86,"query2":81.76172278757956,"query3":0.023333333333333334,"query4":0.37},{"query1":86,"query2":81.76172278757956,"query3":0.023333333333333334,"query4":0.36666666666666664},{"query1":86,"query2":81.76172278757956,"query3":0.023333333333333334,"query4":0.36333333333333334},{"query1":86,"query2":81.76172278757956,"query3":0.023333333333333334,"query4":0.37333333333333335},{"query1":86,"query2":81.76172278757956,"query3":0.023333333333333334,"query4":0.37666666666666665},{"query1":86,"query2":81.76172278757956,"query3":0.02666666666666667,"query4":0.37333333333333335},{"query1":86,"query2":81.76172278757956,"query3":0.02666666666666667,"query4":0.37},{"query1":86,"query2":81.76172278757956,"query3":0.02666666666666667,"query4":0.36666666666666664},{"query1":87,"query2":81.76172278757956,"query3":0.023333333333333334,"query4":0.37},{"query1":87,"query2":81.76172278757956,"query3":0.023333333333333334,"query4":0.36666666666666664},{"query1":87,"query2":81.76172278757956,"query3":0.023333333333333334,"query4":0.36333333333333334},{"query1":87,"query2":81.76172278757956,"query3":0.023333333333333334,"query4":0.36},{"query1":87,"query2":81.76172278757956,"query3":0.02,"query4":0.36333333333333334},{"query1":87,"query2":81.76172278757956,"query3":0.02,"query4":0.36666666666666664},{"query1":87,"query2":81.76172278757956,"query3":0.02,"query4":0.37},{"query1":88,"query2":81.76172278757956,"query3":0.02,"query4":0.37},{"query1":88,"query2":81.76172278757956,"query3":0.02,"query4":0.36666666666666664},{"query1":88,"query2":81.76172278757956,"query3":0.02,"query4":0.36333333333333334},{"query1":88,"query2":81.76172278757956,"query3":0.023333333333333334,"query4":0.36666666666666664},{"query1":88,"query2":81.76172278757956,"query3":0.023333333333333334,"query4":0.37},{"query1":88,"query2":81.76172278757956,"query3":0.023333333333333334,"query4":0.37333333333333335},{"query1":88,"query2":81.76172278757956,"query3":0.023333333333333334,"query4":0.37666666666666665},{"query1":89,"query2":81.76172278757956,"query3":0.023333333333333334,"query4":0.37666666666666665},{"query1":89,"query2":81.76172278757956,"query3":0.023333333333333334,"query4":0.38},{"query1":89,"query2":81.76172278757956,"query3":0.023333333333333334,"query4":0.37333333333333335},{"query1":89,"query2":81.76172278757956,"query3":0.023333333333333334,"query4":0.37},{"query1":89,"query2":81.76172278757956,"query3":0.023333333333333334,"query4":0.36666666666666664},{"query1":89,"query2":81.76172278757956,"query3":0.02666666666666667,"query4":0.36666666666666664},{"query1":89,"query2":81.76172278757956,"query3":0.02666666666666667,"query4":0.37},{"query1":89,"query2":81.76172278757956,"query3":0.03,"query4":0.37},{"query1":89,"query2":81.76172278757956,"query3":0.03333333333333333,"query4":0.37},{"query1":89,"query2":81.76172278757956,"query3":0.03333333333333333,"query4":0.37333333333333335},{"query1":89,"query2":81.76172278757956,"query3":0.03333333333333333,"query4":0.36666666666666664},{"query1":89,"query2":81.76172278757956,"query3":0.03666666666666667,"query4":0.36666666666666664},{"query1":89,"query2":81.76172278757956,"query3":0.03666666666666667,"query4":0.37},{"query1":89,"query2":81.76172278757956,"query3":0.03666666666666667,"query4":0.37333333333333335},{"query1":89,"query2":81.76172278757956,"query3":0.04,"query4":0.37},{"query1":89,"query2":81.76172278757956,"query3":0.04,"query4":0.37333333333333335},{"query1":90,"query2":81.76172278757956,"query3":0.03666666666666667,"query4":0.37333333333333335},{"query1":90,"query2":81.76172278757956,"query3":0.03333333333333333,