{"probs":[0.0007000000000000001,0.007400000000000004,0.010199999999999996,0.020000000000000004,0.004199999999999999,0.002899999999999999,0.0041,0.006100000000000001,0.009299999999999996,0.010000000000000005,0.005500000000000001,0.00010000000000000009,0.0045,0.0017000000000000001,0.013800000000000005,0.030100000000000005,0.01750000000000001,0.009399999999999999,0.005999999999999998,0.0022000000000000006,0.023899999999999998,0.0159,0.009200000000000002,0.0005000000000000001,0.005799999999999999,0.0031000000000000003,0.020699999999999996,0.010599999999999998,0.017400000000000002,0.007700000000000002,0.004300000000000002,0.005799999999999999,0.032499999999999994,0.013399999999999997,0.0016000000000000007,0.0071,0.0025000000000000005,0.011900000000000003,0.0168,0.0037000000000000015,0.020500000000000004,0.009899999999999999,0.005000000000000002,0.048799999999999996,0.022,0.004000000000000002,0.016600000000000007,0.004000000000000002,0.0023999999999999994,0.004199999999999999,0.0127,0.0018999999999999996,0.0016000000000000007,0.016600000000000007,0.005299999999999998,0.006800000000000002,0.0192,0.004199999999999999,0.004199999999999999,0.006699999999999998,0.0095,0.002999999999999999,0.0037999999999999996,0.0005999999999999997,0.0011,0.005100000000000002,0.010800000000000002,0.0004000000000000001,0.007499999999999998,0.0027,0.0011,0.013700000000000002,0.007299999999999999,0.012500000000000004,0.002099999999999999,0.008100000000000003,0.0007000000000000001,0.0078,0.0017000000000000001,0.006200000000000001,0.012200000000000003,0.005100000000000002,0.004900000000000002,0.0036,0.0010000000000000002,0.0003000000000000001,0.006800000000000002,0.0023,0.0069000000000000025,0.014100000000000003,0.006399999999999998,0.0008999999999999998,0.0005000000000000001,0.0014999999999999994,0.0012999999999999995,0.004400000000000001,0.003500000000000001,0.016499999999999994,0.005000000000000002,0.0014000000000000002,0.0005000000000000001,0.0011,0.0213,0.0045,0.004400000000000001,0.0233,0.008200000000000002,0.0028000000000000013,0.005799999999999999,0.0025000000000000005,0.0038999999999999994,0.014699999999999996,0.0005000000000000001,0.0005000000000000001,0.004799999999999999,0.0011,0.002899999999999999,0.007299999999999999,0.010100000000000003,0.0057,0.004600000000000001,0.021700000000000004,0.005199999999999999,0.009200000000000002,0.026999999999999996,0.005400000000000001],"support":[{"query1":60,"query2":8,"query3":79.92978837920865,"query4":100,"query5":0.9,"query6":0.99},{"query1":59,"query2":8,"query3":79.92978837920865,"query4":100,"query5":0.9,"query6":0.99},{"query1":59,"query2":8,"query3":79.92978837920865,"query4":83.22224064358107,"query5":0.9,"query6":0.99},{"query1":59,"query2":8,"query3":79.92978837920865,"query4":83.22224064358107,"query5":0.89,"query6":0.99},{"query1":58,"query2":8,"query3":79.92978837920865,"query4":83.22224064358107,"query5":0.89,"query6":0.99},{"query1":60,"query2":8,"query3":79.92978837920865,"query4":83.22224064358107,"query5":0.89,"query6":0.99},{"query1":61,"query2":8,"query3":79.92978837920865,"query4":83.22224064358107,"query5":0.89,"query6":0.99},{"query1":60,"query2":9,"query3":79.92978837920865,"query4":83.22224064358107,"query5":0.89,"query6":0.99},{"query1":60,"query2":9,"query3":79.92978837920865,"query4":83.22224064358107,"query5":0.88,"query6":0.99},{"query1":61,"query2":9,"query3":79.92978837920865,"query4":83.22224064358107,"query5":0.88,"query6":0.99},{"query1":62,"query2":9,"query3":79.92978837920865,"query4":83.22224064358107,"query5":0.88,"query6":0.99},{"query1":63,"query2":9,"query3":79.92978837920865,"query4":83.22224064358107,"query5":0.88,"query6":0.99},{"query1":63,"query2":9,"query3":79.92978837920865,"query4":83.22224064358107,"query5":0.89,"query6":0.99},{"query1":64,"query2":9,"query3":79.92978837920865,"query4":83.22224064358107,"query5":0.89,"query6":0.99},{"query1":64,"query2":9,"query3":93.73647097078745,"query4":83.22224064358107,"query5":0.89,"query6":0.99},{"query1":64,"query2":10,"query3":93.73647097078745,"query4":83.22224064358107,"query5":0.89,"query6":0.99},{"query1":63,"query2":10,"query3":93.73647097078745,"query4":83.22224064358107,"query5":0.89,"query6":0.99},{"query1":64,"query2":11,"query3":93.73647097078745,"query4":83.22224064358107,"query5":0.89,"query6":0.99},{"query1":63,"query2":11,"query3":93.73647097078745,"query4":83.22224064358107,"query5":0.89,"query6":0.99},{"query1":62,"query2":10,"query3":93.73647097078745,"query4":83.22224064358107,"query5":0.89,"query6":0.99},{"query1":65,"query2":10,"query3":93.73647097078745,"query4":83.22224064358107,"query5":0.89,"query6":0.99},{"query1":66,"query2":10,"query3":93.73647097078745,"query4":83.22224064358107,"query5":0.89,"query6":0.99},{"query1":65,"query2":11,"query3":93.73647097078745,"query4":83.22224064358107,"query5":0.89,"query6":0.99},{"query1":65,"query2":12,"query3":93.73647097078745,"query4":83.22224064358107,"query5":0.89,"query6":0.99},{"query1":64,"query2":12,"query3":93.73647097078745,"query4":83.22224064358107,"query5":0.89,"query6":0.99},{"query1":65,"query2":10,"query3":100,"query4":83.22224064358107,"query5":0.89,"query6":0.99},{"query1":65,"query2":9,"query3":100,"query4":83.22224064358107,"query5":0.89,"query6":0.99},{"query1":65,"query2":8,"query3":100,"query4":83.22224064358107,"query5":0.89,"query6":0.99},{"query1":66,"query2":8,"query3":100,"query4":83.22224064358107,"query5":0.89,"query6":0.99},{"query1":66,"query2":9,"query3":100,"query4":83.22224064358107,"query5":0.89,"query6":0.99},{"query1":67,"query2":8,"query3":100,"query4":83.22224064358107,"query5":0.89,"query6":0.99},{"query1":64,"query2":8,"query3":100,"query4":83.22224064358107,"query5":0.89,"query6":0.99},{"query1":63,"query2":8,"query3":100,"query4":83.22224064358107,"query5":0.89,"query6":0.99},{"query1":63,"query2":7,"query3":100,"query4":83.22224064358107,"query5":0.89,"query6":0.99},{"query1":63,"query2":6,"query3":100,"query4":83.22224064358107,"query5":0.89,"query6":0.99},{"query1":63,"query2":6,"query3":100,"query4":83.22224064358107,"query5":0.9,"query6":0.99},{"query1":63,"query2":6,"query3":100,"query4":83.22224064358107,"query5":0.91,"query6":0.99},{"query1":62,"query2":6,"query3":100,"query4":83.22224064358107,"query5":0.91,"query6":0.99},{"query1":62,"query2":5,"query3":100,"query4":83.22224064358107,"query5":0.91,"query6":0.99},{"query1":61,"query2":5,"query3":100,"query4":83.22224064358107,"query5":0.91,"query6":0.99},{"query1":61,"query2":5,"query3":100,"query4":83.22224064358107,"query5":0.9,"query6":0.99},{"query1":62,"query2":5,"query3":100,"query4":83.22224064358107,"query5":0.9,"query6":0.99},{"query1":62,"query2":6,"query3":100,"query4":83.22224064358107,"query5":0.9,"query6":0.99},{"query1":63,"query2":5,"query3":100,"query4":83.22224064358107,"query5":0.9,"query6":0.99},{"query1":64,"query2":5,"query3":100,"query4":83.22224064358107,"query5":0.9,"query6":0.99},{"query1":61,"query2":6,"query3":100,"query4":83.22224064358107,"query5":0.9,"query6":0.99},{"query1":61,"query2":6,"query3":100,"query4":83.22224064358107,"query5":0.91,"query6":0.99},{"query1":62,"query2":7,"query3":100,"query4":83.22224064358107,"query5":0.91,"query6":0.99},{"query1":62,"query2":7,"query3":100,"query4":83.22224064358107,"query5":0.9,"query6":0.99},{"query1":61,"query2":7,"query3":100,"query4":83.22224064358107,"query5":0.9,"query6":0.99},{"query1":61,"query2":8,"query3":100,"query4":83.22224064358107,"query5":0.9,"query6":0.99},{"query1":60,"query2":8,"query3":100,"query4":83.22224064358107,"query5":0.9,"query6":0.99},{"query1":62,"query2":8,"query3":100,"query4":83.22224064358107,"query5":0.9,"query6":0.99},{"query1":62,"query2":8,"query3":100,"query4":83.22224064358107,"query5":0.89,"query6":0.99},{"query1":61,"query2":8,"query3":100,"query4":83.22224064358107,"query5":0.89,"query6":0.99},{"query1":63,"query2":8,"query3":100,"query4":83.22224064358107,"query5":0.88,"query6":0.99},{"query1":63,"query2":8,"query3":100,"query4":84.79797441620653,