{"probs":[0.0006666666666666666,0.0003333333333333336,0.0020000000000000005,0.011666666666666669,0.0020000000000000005,0.0006666666666666666,0.0010000000000000002,0.004333333333333335,0.0010000000000000002,0.025333333333333333,0.009,0.015999999999999997,0.0003333333333333336,0.01966666666666667,0.014999999999999996,0.007333333333333334,0.025999999999999995,0.002666666666666667,0.0023333333333333335,0.0023333333333333335,0.028000000000000004,0.011000000000000005,0.025333333333333333,0.024666666666666663,0.038666666666666676,0.021666666666666667,0.007666666666666666,0.0010000000000000002,0.0003333333333333336,0.01466666666666667,0.004333333333333335,0.007999999999999997,0.01966666666666667,0.017000000000000005,0.035666666666666666,0.0023333333333333335,0.0010000000000000002,0.003333333333333334,0.007000000000000003,0.020000000000000004,0.002666666666666667,0.018666666666666665,0.04333333333333334,0.022666666666666672,0.005666666666666667,0.012999999999999998,0.018000000000000002,0.027666666666666662,0.018000000000000002,0.018000000000000002,0.011000000000000005,0.004333333333333335,0.013999999999999995,0.025999999999999995,0.011000000000000005,0.007000000000000003,0.013666666666666667,0.013333333333333338,0.007000000000000003,0.0016666666666666668,0.002666666666666667,0.018000000000000002,0.010666666666666672,0.0020000000000000005,0.004000000000000002,0.012333333333333337,0.01466666666666667,0.006666666666666668,0.0020000000000000005,0.004666666666666667,0.004333333333333335,0.002999999999999999,0.002666666666666667,0.0023333333333333335,0.005999999999999998,0.0063333333333333314,0.005000000000000002,0.002666666666666667,0.0010000000000000002,0.0010000000000000002,0.003333333333333334,0.002666666666666667,0.002999999999999999,0.014999999999999996,0.0010000000000000002,0.0006666666666666666,0.0016666666666666668,0.004333333333333335,0.0013333333333333335,0.002666666666666667,0.011000000000000005,0.0016666666666666668,0.002999999999999999,0.0016666666666666668,0.0016666666666666668,0.005000000000000002,0.0016666666666666668,0.011666666666666669,0.003666666666666667,0.025,0.006666666666666668,0.004333333333333335,0.007666666666666666,0.004333333333333335,0.0006666666666666666,0.0020000000000000005,0.007000000000000003,0.014999999999999996,0.0010000000000000002],"support":[{"query1":0.9393939393939394,"query2":0.44560243797658167,"query3":0,"query4":0.43},{"query1":0.9393939393939394,"query2":0.44560243797658167,"query3":0,"query4":0.44},{"query1":0.9393939393939394,"query2":0.44560243797658167,"query3":0,"query4":0.45},{"query1":0.9393939393939394,"query2":0.44560243797658167,"query3":0,"query4":0.46},{"query1":0.9393939393939394,"query2":0.44560243797658167,"query3":0,"query4":0.47},{"query1":0.9393939393939394,"query2":0.44560243797658167,"query3":0,"query4":0.48},{"query1":0.9494949494949495,"query2":0.44560243797658167,"query3":0,"query4":0.48},{"query1":0.9494949494949495,"query2":0.44560243797658167,"query3":0,"query4":0.47},{"query1":0.9494949494949495,"query2":0.44560243797658167,"query3":0,"query4":0.46},{"query1":0.9494949494949495,"query2":0.44560243797658167,"query3":0,"query4":0.45},{"query1":0.9494949494949495,"query2":0.44560243797658167,"query3":0,"query4":0.44},{"query1":0.9494949494949495,"query2":0.44560243797658167,"query3":0,"query4":0.43},{"query1":0.9494949494949495,"query2":0.44560243797658167,"query3":0,"query4":0.42},{"query1":0.9595959595959596,"query2":0.44560243797658167,"query3":0,"query4":0.44},{"query1":0.9595959595959596,"query2":0.44560243797658167,"query3":0,"query4":0.45},{"query1":0.9595959595959596,"query2":0.44560243797658167,"query3":0,"query4":0.46},{"query1":0.9595959595959596,"query2":0.44560243797658167,"query3":0,"query4":0.43},{"query1":0.9595959595959596,"query2":0.44560243797658167,"query3":0,"query4":0.42},{"query1":0.9696969696969697,"query2":0.44560243797658167,"query3":0,"query4":0.42},{"query1":0.9696969696969697,"query2":0.44560243797658167,"query3":0,"query4":0.43},{"query1":0.9797979797979798,"query2":0.44560243797658167,"query3":0,"query4":0.43},{"query1":0.9696969696969697,"query2":0.44560243797658167,"query3":0,"query4":0.44},{"query1":0.9696969696969697,"query2":0.44560243797658167,"query3":0,"query4":0.45},{"query1":0.9696969696969697,"query2":0.44560243797658167,"query3":0,"query4":0.46},{"query1":0.9696969696969697,"query2":0.44560243797658167,"query3":0,"query4":0.47},{"query1":0.9696969696969697,"query2":0.44560243797658167,"query3":0,"query4":0.48},{"query1":0.9595959595959596,"query2":0.44560243797658167,"query3":0,"query4":0.47},{"query1":0.9595959595959596,"query2":0.44560243797658167,"query3":0,"query4":0.48},{"query1":0.9595959595959596,"query2":0.44560243797658167,"query3":0,"query4":0.49},{"query1":0.9696969696969697,"query2":0.44560243797658167,"query3":0,"query4":0.49},{"query1":0.9696969696969697,"query2":0.44560243797658167,"query3":0,"query4":0.5},{"query1":0.9696969696969697,"query2":0.44560243797658167,"query3":0,"query4":0.61},{"query1":0.9696969696969697,"query2":0.44560243797658167,"query3":0,"query4":0.62},{"query1":0.9696969696969697,"query2":0.44560243797658167,"query3":0,"query4":0.63},{"query1":0.9696969696969697,"query2":0.44560243797658167,"query3":0,"query4":0.64},{"query1":0.9696969696969697,"query2":0.44560243797658167,"query3":0,"query4":0.6},{"query1":0.9696969696969697,"query2":0.44560243797658167,"query3":0,"query4":0.59},{"query1":0.9696969696969697,"query2":0.44560243797658167,"query3":0,"query4":0.65},{"query1":0.9696969696969697,"query2":0.44560243797658167,"query3":0,"query4":0.66},{"query1":0.9696969696969697,"query2":0.44560243797658167,"query3":0,"query4":0.67},{"query1":0.9696969696969697,"query2":0.44560243797658167,"query3":0,"query4":0.68},{"query1":0.9696969696969697,"query2":0.44560243797658167,"query3":0,"query4":0.69},{"query1":0.9696969696969697,"query2":0.44560243797658167,"query3":0,"query4":0.7},{"query1":0.9696969696969697,"query2":0.44560243797658167,"query3":0,"query4":0.71},{"query1":0.9696969696969697,"query2":0.44560243797658167,"query3":0,"query4":0.72},{"query1":0.9797979797979798,"query2":0.44560243797658167,"query3":0,"query4":0.7},{"query1":0.9797979797979798,"query2":0.44560243797658167,"query3":0,"query4":0.71},{"query1":0.9797979797979798,"query2":0.44560243797658167,"query3":0,"query4":0.72},{"query1":0.9797979797979798,"query2":0.44560243797658167,"query3":0,"query4":0.73},{"query1":0.9797979797979798,"query2":0.44560243797658167,"query3":0,"query4":0.74},{"query1":0.9797979797979798,"query2":0.44560243797658167,"query3":0,"query4":0.69},{"query1":0.9797979797979798,"query2":0.44560243797658167,"query3":0,"query4":0.48},{"query1":0.9797979797979798,"query2":0.44560243797658167,"query3":0,"query4":0.49},{"query1":0.9797979797979798,"query2":0.44560243797658167,"query3":0,"query4":0.5},{"query1":0.9797979797979798,"query2":0.44560243797658167,"query3":0,"query4":0.51},{"query1":0.9797979797979798,"query2":0.44560243797658167,"query3":0,"query4":0.47},{"query1":0.9797979797979798,"query2":0.44560243797658167,"query3":0,"query4":0.45},{"query1":0.9797979797979798,"query2":0.44560243797658167,"query3":0,"query4":0.44},{"query1":0.9797979797979798,"query2":0.44560243797658167,"query3":0.01,"query4":0.45},{"query1":0.9797979797979798,"query2":0.44560243797658167,"query3":0.01,"query4":0.44},{"query1":0.9797979797979798,"query2":0.44560243797658167,"query3":0,"query4":0.46},{"query1":0.9797979797979798,"query2":0.44560243797658167,"query3":0,"query4":0.42},{"query1":0.7878787878787878,"query2":0.44560243797658167,"query3":0.01,"query4":0.65},{"query1":0.7878787878787878,"query2":0.44560243797658167,"query3":0.01,"query4":0.64},{"query1":0.7878787878787878,"query2":0.44560243797658167,"query3":0.01,"query4":0.66},{"query1":0.797979797979798,"query2":0.44560243797658167,"query3":0.01,"query4":0.66},{"query1":0.797979797979798,"query2":0.44560243797658167,"query3":0.01,"query4":0.65},{"query1":0.797979797979798,